asset_class_clean,market_value,Pct
Equity/US,163525.0,67.73890416866107
Fixed Income/US,27584.0,11.426448143026123
Equity/Global,23540.0,9.751253961964725
Equity/Intl,18125.0,7.50813415720521
Allocation/TargetDate,6200.0,2.568299684119851
Cash,2430.85,1.0069598850230224
nan,0.0,0.0
